{
  "version": 1,
  "author": "Anonymous maker",
  "editor": "wokwi",
  "parts": [
    {
      "type": "wokwi-arduino-uno",
      "id": "uno",
      "top": 38.67,
      "left": -24.67,
      "rotate": 90,
      "attrs": {}
    },
    {
      "type": "wokwi-led",
      "id": "led1",
      "top": -123.95,
      "left": 200.24,
      "attrs": { "color": "blue" }
    },
    {
      "type": "wokwi-resistor",
      "id": "r1",
      "top": 59.37,
      "left": 289.09,
      "rotate": 90,
      "attrs": {}
    },
    {
      "type": "wokwi-ntc-temperature-sensor",
      "id": "ntc1",
      "top": -40.61,
      "left": 383.48,
      "rotate": 90,
      "attrs": {}
    },
    {
      "type": "wokwi-resistor",
      "id": "r2",
      "top": 64.81,
      "left": -171.41,
      "rotate": 90,
      "attrs": {}
    },
    {
      "type": "wokwi-resistor",
      "id": "r3",
      "top": 66.95,
      "left": -130.8,
      "rotate": 90,
      "attrs": {}
    }
  ],
  "connections": [
    [ "led1:A", "uno:13", "green", [ "v0" ] ],
    [ "r1:1", "led1:C", "green", [ "h-2", "v-100.04", "h-107.92" ] ],
    [ "ntc1:VCC", "uno:5V", "red", [ "v269.15", "h-487.99", "v-152.43" ] ],
    [ "ntc1:GND", "r1:2", "black", [ "v55.45", "h-143.57" ] ],
    [ "r1:2", "uno:GND.1", "green", [ "h-52.38", "v-0.61" ] ],
    [ "ntc1:OUT", "uno:A0", "green", [ "v231.39", "h-446.23", "v-81.92" ] ],
    [ "r2:1", "r3:1", "green", [ "h0" ] ],
    [ "r3:2", "r2:2", "green", [ "h0" ] ],
    [ "r3:2", "uno:A1", "green", [ "h4.95", "v114.33" ] ],
    [ "r3:1", "uno:GND.2", "green", [ "h61.22", "v5.94" ] ]
  ]
}